Book Id,Title,Author,Author l-f,Additional Authors,ISBN,ISBN13,My Rating,Publisher,Binding,Number of Pages,Year Published,Original Publication Year,Date Read,Date Added,Bookshelves,Bookshelves with positions,Exclusive Shelf,My Review,Spoiler,Private Notes,Read Count,Owned Copies
16123828,The Nature of Code,Daniel Shiffman,"Shiffman, Daniel",,985930802,9.78099E+12,0,The Nature of Code,Paperback,520,2012,2012,,30/8/2026,to-read,to-read (#89),to-read,,,,0,0
15638,Cyrano de Bergerac,Edmond Rostand,"Rostand, Edmond","Lowell Bair, Eteel Lawson",451528921,9.78045E+12,2,Signet Classics,Mass Market Paperback,240,2003,1897,,19/8/2026,,,read,,,,1,0
18670233,Quack This Way,David Foster Wallace,"Wallace, David Foster",Bryan A. Garner,979606039,9.78098E+12,1,Penrose Publishing,Paperback,146,2013,2013,,19/8/2026,,,read,,,,1,0
105970,"Ultimate Spider-Man, Volume 6",Brian Michael Bendis,"Bendis, Brian Michael",Mark Bagley,785118411,9.78079E+12,2,Marvel,Hardcover,288,2005,2005,19/8/2026,19/8/2026,,,read,,,,1,0
25524744,The Room on the Roof,Ruskin Bond,"Bond, Ruskin",,143333380,9.78014E+12,0,Penguin/Puffin,Paperback,208,2014,1956,,25/2/2022,,,read,,,,1,0
106069,Batman: The Long Halloween,Jeph Loeb,"Loeb, Jeph",Tim Sale,1563894696,9.78156E+12,4,DC Comics,Paperback,376,1999,1997,5/11/2024,2/11/2024,comics,comics (#9),read,,,,1,0
59980,Batman: Year One,Frank Miller,"Miller, Frank","David Mazzucchelli, Richmond Lewis, Dennis O'Neil, Todd Klein",1401207529,9.7814E+12,2,DC Comics,Paperback,136,2007,1988,2/11/2024,1/11/2024,comics,comics (#9),read,,,,1,0
96358,Batman: The Killing Joke,Alan Moore,"Moore, Alan","Brian Bolland, Tim Sale",930289455,9.78093E+12,5,DC Comics,Paperback,50,1995,1988,8/11/2024,5/11/2024,comics,comics (#7),read,,,,1,0
106076,Batman: Dark Victory,Jeph Loeb,"Loeb, Jeph",Tim Sale,1563898683,9.78156E+12,3,DC Comics,Paperback,391,2002,2000,7/11/2024,5/11/2024,comics,comics (#6),read,,,,1,0
2182780,Batman: The Man Who Laughs,Ed Brubaker,"Brubaker, Ed","Doug Mahnke, Patrick Zircher, Aaron Sowd, Steve Bird",1401216226,9.7814E+12,3,DC Comics,Hardcover,144,2008,2005,2/11/2024,1/11/2024,comics,comics (#8),read,,,,1,0
105920,"Ultimate Spider-Man, Volume 1: Power and Responsibility",Brian Michael Bendis,"Bendis, Brian Michael","Mark Bagley, Stuart Immonen, David Lafuente, Trevor Hairsine",078510786X,9.78079E+12,3,Marvel Enterprises,Paperback,200,2002,2001,15/8/2026,13/8/2026,comics,comics (#5),read,,,,1,0
105924,"Ultimate Spider-Man, Volume 2",Brian Michael Bendis,"Bendis, Brian Michael",Mark Bagley,785110615,9.78079E+12,3,Marvel Enterprises,Hardcover,336,2003,2002,15/8/2026,15/8/2026,comics,comics (#5),read,,,,1,0
105955,"Ultimate Spider-Man, Volume 3",Brian Michael Bendis,"Bendis, Brian Michael",Mark Bagley,785111565,9.78079E+12,3,Marvel Enterprises,Hardcover,304,2003,2003,17/8/2026,15/8/2026,comics,comics (#3),read,,,,1,0
25751460,Amazing Fantasy #15: Spider-Man!,Stan Lee,"Lee, Stan",Steve Ditko,,,3,Marvel,Kindle Edition,41,2012,1962,11/8/2026,11/8/2026,comics,comics (#4),read,,,,1,0
105926,"Ultimate Spider-Man, Volume 4",Brian Michael Bendis,"Bendis, Brian Michael","Mark Bagley, Joe Quesada",785112499,9.78079E+12,2,Marvel Enterprises,Hardcover,336,2004,2004,17/8/2026,17/8/2026,comics,comics (#2),read,,,,1,0
41819614,"Ultimate Spider-Man, Tome 5: Ultimate six",Brian Michael Bendis,"Bendis, Brian Michael","Mark Bagley, Trevor Hairsine, Sophie Watine-Vievard",2809463344,9.78281E+12,4,PANINI,Hardcover,236,2017,2004,17/8/2026,17/8/2026,comics,comics (#1),read,,,,1,0
15823480,Anna Karenina,Leo Tolstoy,"Tolstoy, Leo","Aylmer Maude, Louise Maude, Dieter Wellershoff, Bruno Goetz, Lev Tolstoj",345803922,9.78035E+12,0,Vintage,Paperback,964,2012,1878,,15/8/2026,to-read,to-read (#88),to-read,,,,0,0
50270,Master And Man,Leo Tolstoy,"Tolstoy, Leo",,1421803674,9.78142E+12,0,,Hardcover,57,2006,1895,,15/8/2026,to-read,to-read (#87),to-read,,,,0,0
36630417,Boo Aur Anya Kahaniyan,Saadat Hasan Manto,"Manto, Saadat Hasan",,,,2,Rajpal,Paperback,162,,,,27/10/2024,,,read,,,,1,0
11961425,Toba Tek Singh: Stories,Saadat Hasan Manto,"Manto, Saadat Hasan",Khalid Hasan,143416073,9.78014E+12,4,Penguin Books India,Paperback,160,,2008,,27/10/2024,,,read,,,,1,0
34608848,Khol Do / کھول دو,سعادت حسن منٹو,"منٹو, سعادت حسن",Saadat Hasan Manto,,,5,,Paperback,,1952,,,27/10/2024,,,read,,,,1,0
18386,The Death of Ivan Ilych,Leo Tolstoy,"Tolstoy, Leo","Aylmer Maude, Louise Maude",,,4,Waking Lion Press,Paperback,86,2006,1886,15/8/2026,5/8/2026,,,read,Dread just pure dread,,,1,0
6375845,Batman: Hush,Jeph Loeb,"Loeb, Jeph","Jim Lee, Scott  Williams",1401223176,9.7814E+12,0,DC Comics,Paperback,320,2009,2002,,14/8/2026,to-read,to-read (#86),to-read,,,,0,0
23995376,Letter to the Father / Brief an den Vater,Franz Kafka,"Kafka, Franz","Ernst Kaiser, Eithne Wilkins, Tom McCarthy",805212663,9.78081E+12,4,Schocken,Paperback,144,2015,1919,11/8/2026,11/10/2023,,,read,"This hits so close to home.The way Kafka fought with his inner thoughts blaming his father while simultaneously defending him was so crude and raw<br/><br/>“Even if your method of upbringing might in some unlikely case have set me on my own feet by means of producing defiance, dislike, or even hate in me, Mother canceled that out again by kindness, by talking sensibly.”<br/><br/>I nearly cried reading these sentences God,this was such a beautiful read",,,1,0
26796776,The Bet,Anton Chekhov,"Chekhov, Anton",,,,3,HarperCollins,Unknown Binding,25,2015,1889,9/8/2026,9/8/2026,,,read,,,,1,0
55019161,"The Da Vinci Code (Robert Langdon, #2)",Dan    Brown,"Brown, Dan",,,,0,Anchor,Paperback,480,2020,2003,,8/8/2026,currently-reading,currently-reading (#2),currently-reading,,,,1,0
232410,The Catcher in the Rye,J.D. Salinger,"Salinger, J.D.",,140012486,9.78014E+12,1,Penguin Books,Mass Market Paperback,220,1986,1951,8/8/2026,4/8/2026,,,read,,,,1,0
739735,How to Prove It: A Structured Approach,Daniel J. Velleman,"Velleman, Daniel J.",,521675995,9.78052E+12,0,Cambridge University Press,Paperback,384,2006,1994,,26/7/2026,currently-reading,currently-reading (#1),currently-reading,,,,1,0
18806499,Sputnik Sweetheart,Haruki Murakami,"Murakami, Haruki",Philip Gabriel,,,0,Vintage,Paperback,229,2002,1999,12/1/2024,20/12/2023,,,read,,,,1,0
834713,A Thousand Splendid Suns,Khaled Hosseini,"Hosseini, Khaled",,747582971,9.78075E+12,0,Bloomsbury Publishing,Paperback,372,2007,2007,,25/2/2022,,,read,,,,1,0
12532265,The Kite Runner,Khaled Hosseini,"Hosseini, Khaled",,140882485X,9.78141E+12,5,Bloomsbury UK,Paperback,342,2011,2003,,17/2/2022,,,read,,,,1,0
8045416,"To Kill a Mockingbird (To Kill a Mockingbird, #1)",Harper Lee,"Lee, Harper",,,,0,Arrow Books,Paperback,309,2010,1960,,7/2/2023,,,read,,,,1,0
1058052,The Metamorphosis,Franz Kafka,"Kafka, Franz",Michael Hofmann,141023457,9.78014E+12,5,Penguin,Paperback,98,2006,1915,13/10/2023,8/10/2023,,,read,,,,1,0
17308035,Norwegian Wood,Haruki Murakami,"Murakami, Haruki",,99584352,9.7801E+12,4,Einaudi,Paperback,388,2010,1987,3/11/2023,26/10/2023,,,read,,,,1,0
11222940,No Longer Human,Osamu Dazai,"Dazai, Osamu",Donald Keene,,,3,New Directions Publishing,Paperback,177,2001,1948,10/2/2024,18/11/2023,,,read,,,,1,0
25909216,Sophie's World,Jostein Gaarder,"Gaarder, Jostein",,1474602282,9.78147E+12,3,Orion Publishing Group,Paperback,444,2015,1991,1/6/2024,29/10/2023,,,read,,,,1,0
489732,The Picture of Dorian Gray,Oscar Wilde,"Wilde, Oscar",Robert Mighall,141439572,9.78014E+12,2,Penguin Classics,Paperback,253,2003,1890,16/12/2023,13/10/2023,,,read,,,,1,0
845041,The Problems of Philosophy,Bertrand Russell,"Russell, Bertrand",John R. Perry,019511552X,9.7802E+12,4,Oxford University Press,Paperback,167,1997,1912,31/1/2025,22/1/2025,,,read,,,,1,0
27031468,The Oblong Box,Edgar Allan Poe,"Poe, Edgar Allan",Russell Lee,1517362962,9.78152E+12,3,CreateSpace Independent Publishing Platform,Paperback,36,2015,1844,30/12/2024,30/12/2024,,,read,,,,1,0
54317755,The Masque of the Red Death,Edgar Allan Poe,"Poe, Edgar Allan",,,,3,,Kindle Edition,8,2020,1842,29/12/2024,29/12/2024,,,read,,,,1,0
26059591,The Black Cat,Edgar Allan Poe,"Poe, Edgar Allan",Russell Lee,1502990253,9.7815E+12,3,CreateSpace Independent Publishing Platform,Paperback,32,2014,1843,27/12/2024,28/5/2024,,,read,,,,1,0
3149348,Animal Farm+,George Orwell.,"Orwell., George",,141036133,9.78014E+12,5,Penguin Books,Paperback,95,2008,1945,30/1/2025,30/1/2025,,,read,,,,1,0
38213085,"Mythos - The Greek Myths Retold (Stephen Fry's Great Mythology, #1)",Stephen Fry,"Fry, Stephen",,1405934131,9.78141E+12,3,Penguin Books,Paperback,459,2018,2017,26/8/2025,28/5/2025,,,read,,,,1,0
6564051,Kafka on the Shore,Haruki Murakami,"Murakami, Haruki",,,,5,Vintage,Kindle Edition,505,2005,2002,7/4/2024,26/10/2023,,,read,,,,1,0
39342610,The Fun They Had,Isaac Asimov,"Asimov, Isaac",,,,2,NEA Service,ebook,,1951,1951,31/7/2026,31/7/2026,,,read,"Remember reading this in 9th grade and laughing,thinking  ‘’Surely this can’t happen’’ 2 years later corona happened ",,,1,0
15839976,"Red Rising (Red Rising Saga, #1)",Pierce Brown,"Brown, Pierce",,,,0,Del Rey,Hardcover,382,2014,2014,,5/8/2026,to-read,to-read (#85),to-read,,,,0,0
29579,"Foundation (Foundation, #1)",Isaac Asimov,"Asimov, Isaac",,553803719,9.78055E+12,0,Bantam,Hardcover,244,2004,1951,,5/8/2026,to-read,to-read (#84),to-read,,,,0,0
44767458,"Dune (Dune, #1)",Frank Herbert,"Herbert, Frank",,059309932X,9.78059E+12,0,Ace,Hardcover,658,2019,1965,,5/8/2026,to-read,to-read (#83),to-read,,,,0,0
2165,The Old Man and the Sea,Ernest Hemingway,"Hemingway, Ernest",,684830493,9.78068E+12,2,Scribner,Hardcover,96,1996,1952,4/8/2026,3/8/2026,,,read,I miss that boy as well,,,1,0
780072,Crito,Plato,"Plato, Plato",Chris Emlyn-Jones,1853994693,9.78185E+12,0,Bristol Classical Press,paper,200,1999,-385,,3/8/2026,,,read,,,,1,0
59151,Chess Story,Stefan Zweig,"Zweig, Stefan","Peter Gay, Joel Rotenberg, Стефан Цвайг",1590171691,9.78159E+12,4,NYRB Classics,Paperback,104,2005,1942,3/8/2026,29/10/2024,,,read,"I think the only way I can reach 2000 Elo rating is through extended solitude, Gripping writing I must say 👌🏻",,,1,0
6718272,The Master and Margarita,Mikhail Bulgakov,"Bulgakov, Mikhail",,,,0,Vintage Books,Paperback,445,2004,1925,,3/8/2026,to-read,to-read (#82),to-read,,,,0,0
100834,"A World Undone: The Story of the Great War, 1914 to 1918",G.J. Meyer,"Meyer, G.J.",,553803549,9.78055E+12,0,Delacorte Press,Hardcover,704,2006,2006,,2/8/2026,to-read,to-read (#81),to-read,,,,0,0
157993,The Little Prince,Antoine de Saint-Exupéry,"Saint-Exupéry, Antoine de",Richard Howard,152023984,9.78015E+12,2,"Harcourt, Inc.",Hardcover,96,2000,1943,31/7/2026,16/2/2023,,,read,,,,1,0
899492,The Tell-Tale Heart,Edgar Allan Poe,"Poe, Edgar Allan",Byron Glaser,871917726,9.78087E+12,5,Creative Education,Library Binding,31,1980,1843,,27/5/2024,,,read,,,,1,0
23692271,Sapiens: A Brief History of Humankind,Yuval Noah Harari,"Harari, Yuval Noah",,,,3,Vintage,Paperback,512,2015,2011,31/7/2026,25/2/2022,,,read,,,,1,0
149075,The Nine Billion Names of God,Arthur C. Clarke,"Clarke, Arthur C.",,451147553,9.78045E+12,4,Ace,Mass Market Paperback,240,1974,1967,27/7/2026,27/7/2026,,,read,,,,1,0
172366,The Library of Babel,Jorge Luis Borges,"Borges, Jorge Luis","Erik Desmazieres, Andrew Hurley, Angela Giral",156792123X,9.78157E+12,2,David R Godine Pub,Hardcover,36,2000,1941,29/7/2026,29/7/2026,,,read,,,,1,0
97059,The Courage to Teach: Exploring the Inner Landscape of a Teacher's Life,Parker J. Palmer,"Palmer, Parker J.",,787910589,9.78079E+12,0,Jossey-Bass Inc Pub,Hardcover,224,1997,1997,,29/7/2026,to-read,to-read (#80),to-read,,,,0,0
573009,How Children Fail (Classics in Child Development),John C. Holt,"Holt, John C.",,201484021,9.7802E+12,0,Balance,Paperback,320,1995,1964,,29/7/2026,to-read,to-read (#79),to-read,,,,0,0
4808763,The Last Question,Isaac Asimov,"Asimov, Isaac","Bob E. Flick, Jim Gallant",1884214495,9.78188E+12,5,Ziggurat Productions,Audio CD,9,2007,1956,27/7/2026,27/7/2026,,,read,"Absolutely brilliant, still so relevant It makes me wonder can an intelligence that reaches this level be called divine in the end?",,,1,0
17448036,The Unreasonable Effectiveness of Mathematics in the Natural Sciences,Eugene P. Wigner,"Wigner, Eugene P.",,,,3,,Unknown Binding,16,1959,1959,25/7/2026,25/7/2026,,,read,Math should be considered an art form ,,,1,0
31951519,The Usefulness of Useless Knowledge,Abraham Flexner,"Flexner, Abraham",Robbert Dijkgraaf,691174768,9.78069E+12,4,Princeton University Press,Hardcover,104,2017,1939,26/7/2026,26/7/2026,,,read,Curiosity will lead you to places ( hopefully the world asw ) ,,,1,0
35031085,Frankenstein: The 1818 Text,Mary Wollstonecraft Shelley,"Shelley, Mary Wollstonecraft",Charlotte  Gordon,143131842,9.78014E+12,5,Penguin Classics,Paperback,260,2018,1818,1/11/2024,10/10/2023,,,read,The fallen Angel becomes a malignant Devil yet even that enemy of God and man had friends and associates in his desolation; I am alone <br/>,,,1,0
9644,Why I Write,George Orwell,"Orwell, George",,143036351,9.78014E+12,3,Penguin Books,Paperback,120,2005,1946,27/7/2026,27/7/2026,,,read,,,,1,0
507583,"Precalculus Mathematics in a Nutshell: Geometry, Algebra, Trigonometry",George F. Simmons,"Simmons, George F.",,1592441300,9.78159E+12,5,Wipf & Stock Publishers,Paperback,128,2003,1981,27/7/2026,23/7/2026,,,read,"Wow, just wow. I have always struggled with understanding the concepts of trigonometry and I just remembered it after 10th grade. Even in engineering | just remembered everything. I thought that's how things were but this book just opened up a new dimension for me. The things I just memorised made sense now especially trigonometry. IT made me fall in love with this beautiful subject yet again👌🏻",,,2,0
27220736,Shoe Dog: A Memoir by the Creator of Nike,Phil Knight,"Knight, Phil",,1501135910,9.7815E+12,0,Scribner,Hardcover,400,2016,2016,,25/2/2022,did-not-finish,did-not-finish (#5),did-not-finish,,,,0,0
9877003,Alex's Adventures in Numberland,Alex Bellos,"Bellos, Alex",,1526623994,,0,Bloomsbury,Kindle Edition,449,2010,2010,,29/3/2026,did-not-finish,did-not-finish (#4),did-not-finish,,,,1,0
214441,Euclid's Elements,Euclid,"Euclid, Euclid","Dana Densmore, Thomas Little Heath",1888009195,9.78189E+12,0,Green Lion Press,Paperback,529,2002,-290,,16/7/2026,to-read,to-read (#78),to-read,,,,0,0
18774964,A Man Called Ove,Fredrik Backman,"Backman, Fredrik",Henning Koch,1476738017,9.78148E+12,0,Atria Books,Hardcover,337,2014,2012,,11/2/2023,did-not-finish,did-not-finish (#3),did-not-finish,,,,0,0
199149672,The Yellow Wallpaper,Charlotte Perkins Stetson,"Stetson, Charlotte Perkins",,,9.79886E+12,3,Independently published,Paperback,33,2023,,,26/3/2026,,,read,,,,2,0
21,A Short History of Nearly Everything,Bill  Bryson,"Bryson, Bill",,076790818X,9.78077E+12,0,Crown,Paperback,544,2004,2003,,15/3/2022,did-not-finish,did-not-finish (#2),did-not-finish,,,,1,0
61439040,1984,George Orwell,"Orwell, George",Thomas Pynchon,452284236,9.78045E+12,0,Plume,Paperback,368,2022,1949,11/9/2025,16/2/2023,did-not-finish,did-not-finish (#1),did-not-finish,,,,2,0
2474084,"The Work of Art in the Age of Its Technological Reproducibility, and Other Writings on Media",Walter Benjamin,"Benjamin, Walter","Michael W. Jennings, Brigid Doherty, Thomas Y. Levin",674024451,9.78067E+12,0,Belknap Press: An Imprint of Harvard University Press,Paperback,448,2008,1936,,27/1/2026,to-read,to-read (#77),to-read,,,,0,0
49552,The Stranger,Albert Camus,"Camus, Albert",Matthew  Ward,,,3,Vintage International,Paperback,123,1989,1942,6/9/2025,2/9/2025,,,read,,,,1,0
24874322,The Life of a Stupid Man,Ryūnosuke Akutagawa,"Akutagawa, Ryūnosuke",Jay Rubin,141397721,9.78014E+12,0,Penguin Classics,Paperback,55,2015,1927,,26/5/2024,,,read,,,,1,0
53443339,"Troy (Stephen Fry's Great Mythology, #3)",Stephen Fry,"Fry, Stephen",,241424585,9.78024E+12,0,Michael Joseph,Hardcover,414,2020,2020,,28/5/2025,to-read,to-read (#76),to-read,,,,0,0
41433634,"Heroes: Mortals and Monsters, Quests and Adventures (Stephen Fry's Great Mythology, #2)",Stephen Fry,"Fry, Stephen",,241380375,9.78024E+12,0,Michael Joseph,Paperback,415,2018,2018,,28/5/2025,to-read,to-read (#75),to-read,,,,0,0
146635262,Khutbat By Maulana Abu ala Maududi,Maulana Abu ala Maududi,"Maududi, Maulana Abu ala",,,,0,islamic publications limited lahore,Paperback,0,2019,,14/5/2025,5/3/2025,,,read,,,,1,0
4312403,Muslim Civilization: The Causes of Decline and the Need for Reform,M. Umer Chapra,"Chapra, M. Umer",,860374610,9.78086E+12,2,The Islamic Foundation,Paperback,224,2010,2008,5/3/2025,4/2/2025,,,read,,,,1,0
826068,"Kashmir in Conflict: India, Pakistan and the Unending War",Victoria Schofield,"Schofield, Victoria",,1860648983,9.78186E+12,0,I. B. Tauris,Paperback,304,2003,2000,,25/2/2025,to-read,to-read (#74),to-read,,,,0,0
13372892,Kashmir: A Case of Freedom,Tariq Ali,"Ali, Tariq",,1844678261,9.78184E+12,0,Verso,Kindle Edition,140,2011,2011,,25/2/2025,to-read,to-read (#73),to-read,,,,0,0
57615563,Kashmir at the Crossroads: Inside a 21st-Century Conflict,Sumantra Bose,"Bose, Sumantra",,300256876,9.7803E+12,0,Yale University Press,Hardcover,352,2021,2021,,25/2/2025,to-read,to-read (#72),to-read,,,,0,0
2547,The Prophet,Kahlil Gibran,"Gibran, Kahlil",,000100039X,9.78E+12,4,Rupa & Co,Paperback,127,2003,1923,20/1/2025,12/5/2024,,,read,,,,1,0
272724,"Purification of the Heart: Signs, Symptoms and Cures of the Spiritual Diseases of the Heart",Hamza Yusuf,"Yusuf, Hamza","محمد مولود بن أحمد فال اليعقوبي الموسوي, Imam al-Mawlud",1929694156,9.78193E+12,0,"Starlatch, Llc",Paperback,220,2004,2004,,17/1/2025,to-read,to-read (#71),to-read,,,,0,0
432539,The Sealed Nectar | Biography of Prophet Muhammad (SAW),Safiur Rahman Mubarakpuri,"Mubarakpuri, Safiur Rahman",Darussalam,6035001106,9.78604E+12,0,Darussalam Publishers,Hardcover,656,2011,1976,17/1/2025,23/2/2023,,,read,,,,1,0
73945,Apology,Plato,"Plato, Plato",James J. Helm,865163480,9.78087E+12,0,Bolchazy-Carducci Publishers,Paperback,127,1997,-399,15/1/2025,15/1/2025,,,read,,,,1,0
12781,The Satanic Verses,Salman Rushdie,"Rushdie, Salman",,312270828,9.78031E+12,0,Picador,Paperback,561,1997,1988,,15/1/2025,to-read,to-read (#70),to-read,,,,0,0
53474881,"Hop-Frog, or the Eight Chained Ourang-Outangs",Edgar Allan Poe,"Poe, Edgar Allan",,599903562,9.7806E+12,3,Vintage Books,ebook,,2020,1849,30/12/2024,30/12/2024,,,read,,,,1,0
20949562,The Quantum Age: How the Physics of the Very Small has Transformed Our Lives,Brian Clegg,"Clegg, Brian",,184831664X,9.78185E+12,0,Icon Books,Hardcover,288,2014,2014,,30/12/2024,to-read,to-read (#69),to-read,,,,0,0
261240,The Cask of Amontillado,Edgar Allan Poe,"Poe, Edgar Allan",,1594561869,9.78159E+12,4,BookSurge,Paperback,24,2009,1846,29/12/2024,29/12/2024,,,read,,,,1,0
144925,Muhammad: His Life Based on the Earliest Sources,Martin Lings,"Lings, Martin",,1594771537,9.78159E+12,0,Inner Traditions,Paperback,384,2006,1983,,18/11/2024,to-read,to-read (#68),to-read,,,,0,0
55248982,Al-Ghazali’s Adapted Summary of Ihya Ulum al-Din: The Forty Principles of the Religion,Imam Abu Hamid Muhammad ibn Muhammad al-Ghazali,"al-Ghazali, Imam Abu Hamid Muhammad ibn Muhammad","Mariam Madge Conlan, Nasir Abdussalam",,,0,Turath Publishing,Kindle Edition,460,2020,,,18/11/2024,to-read,to-read (#67),to-read,,,,0,0
6900,"Tuesdays with Morrie: An Old Man, a Young Man, and Life's Greatest Lesson",Mitch Albom,"Albom, Mitch",,,,1,Warner,Paperback,210,2000,1997,24/10/2023,13/10/2023,,,read,,,,1,0
20642794,Thanda Gosht / ٹھنڈا گوشت,سعادت حسن منٹو,"منٹو, سعادت حسن",Saadat Hasan Manto,969352098X,9.78969E+12,4,Sang-e-Meel Publications,Hardcover,80,2008,1950,,27/10/2024,,,read,,,,1,0
11991,The Fall (Vintage International),Albert Camus,"Camus, Albert",Justin O'Brien,679720227,9.78068E+12,0,Vintage Books,Paperback,147,1991,1956,,29/10/2024,to-read,to-read (#66),to-read,,,,0,0
33124137,Pet Sematary,Stephen  King,"King, Stephen",,,,0,Scribner,Kindle Edition,580,2014,1983,,28/10/2024,to-read,to-read (#65),to-read,,,,0,0
61170765,IQ84,Haruki Murakami,"Murakami, Haruki",,,,0,,Paperback,928,2009,2009,,28/10/2024,to-read,to-read (#64),to-read,,,,0,0
166997,Stoner,John  Williams,"Williams, John",John McGahern,1590171993,9.78159E+12,0,New York Review Books,Paperback,292,2006,1965,,25/10/2024,to-read,to-read (#63),to-read,,,,0,0
22822858,A Little Life,Hanya Yanagihara,"Yanagihara, Hanya",,385539258,9.78039E+12,0,Doubleday,Hardcover,736,2015,2015,,21/10/2024,to-read,to-read (#62),to-read,,,,0,0
3,"Harry Potter and the Sorcerer's Stone (Harry Potter, #1)",J.K. Rowling,"Rowling, J.K.",,439554934,9.78044E+12,5,Scholastic Inc,Hardcover,309,2003,1997,,17/2/2022,,,read,,,,1,0
28257707,The Subtle Art of Not Giving a F*ck: A Counterintuitive Approach to Living a Good Life,Mark Manson,"Manson, Mark",,,9.7988E+12,0,Harper,Paperback,212,2016,2016,25/2/2022,17/2/2022,,,read,,,,2,0
25541028,"Elon Musk: Tesla, SpaceX, and the Quest for a Fantastic Future",Ashlee Vance,"Vance, Ashlee",,62301233,9.78006E+12,1,Ecco,Hardcover,392,2015,2015,6/12/2022,25/2/2022,,,read,,,,1,0
40097951,The Silent Patient,Alex Michaelides,"Michaelides, Alex",,1250301696,9.78125E+12,2,Celadon Books,Hardcover,336,2019,2019,,9/12/2022,,,read,,,,1,0
32471928,Eat That Frog! Action Workbook: 21 Great Ways to Stop Procrastinating and Get More Done in Less Time,Brian Tracy,"Tracy, Brian",,1523084707,9.78152E+12,2,Berrett-Koehler Publishers,Paperback,144,2017,,10/2/2023,5/2/2023,,,read,,,,1,0
33574273,"A Wrinkle in Time (Time Quintet, #1)",Madeleine L'Engle,"L'Engle, Madeleine",,1250153271,9.78125E+12,1,Square Fish,Paperback,218,2017,1962,,17/2/2022,,,read,,,,1,0
18144590,The Alchemist,Paulo Coelho,"Coelho, Paulo",,62315005,9.78006E+12,1,HarperOne,Paperback,182,2014,1988,16/2/2023,25/2/2022,,,read,,,,1,0
40916679,"A Good Girl's Guide to Murder (A Good Girl's Guide to Murder, #1)",Holly  Jackson,"Jackson, Holly",,1405293187,9.78141E+12,1,Electric Monkey,Paperback,433,2019,2019,6/3/2023,11/2/2023,,,read,,,,1,0
75513900,"Powerless (The Powerless Trilogy, #1)",Lauren  Roberts,"Roberts, Lauren",,,,1,,Kindle Edition,526,2023,2023,,18/2/2024,,,read,,,,1,0
28922,An Artist of the Floating World,Kazuo Ishiguro,"Ishiguro, Kazuo",,571225365,9.78057E+12,0,Faber and Faber,Paperback,206,2005,1986,,21/10/2024,to-read,to-read (#61),to-read,,,,0,0
28920,A Pale View of Hills,Kazuo Ishiguro,"Ishiguro, Kazuo",,,,0,Faber and Faber,Paperback,183,2005,1982,,21/10/2024,to-read,to-read (#60),to-read,,,,0,0
5129,Brave New World,Aldous Huxley,"Huxley, Aldous",,60929871,9.78006E+12,0,HarperPerennial / Perennial Classics,Paperback,288,1998,1932,21/10/2024,26/10/2023,,,read,,,,1,0
30091914,Human Acts,Han Kang,"Kang, Han",Deborah     Smith,1101906723,9.7811E+12,0,Hogarth,Hardcover,218,2017,2014,,18/10/2024,to-read,to-read (#59),to-read,,,,0,0
23035984,The Book of Gold Leaves,Mirza Waheed,"Waheed, Mirza",,241968119,9.78024E+12,0,Viking,Kindle Edition,336,2014,2014,,17/10/2024,,,read,,,,1,0
3717320,The $12 Million Stuffed Shark: The Curious Economics of Contemporary Art,Don   Thompson,"Thompson, Don",,230610226,9.78023E+12,0,Palgrave Macmillan,Hardcover,272,2008,2008,,18/6/2024,to-read,to-read (#58),to-read,,,,0,0
40611328,"Ishmael (Ishmael, #1)",Daniel Quinn,"Quinn, Daniel",,,,0,Bantam,Kindle Edition,338,2009,1992,,1/6/2024,to-read,to-read (#57),to-read,,,,0,0
175516,The Fall of the House of Usher,Edgar Allan Poe,"Poe, Edgar Allan",,1594561796,9.78159E+12,0,BookSurge Classics,Paperback,36,2004,1839,,28/5/2024,to-read,to-read (#56),to-read,,,,0,0
16640,The Sorrows of Young Werther,Johann Wolfgang von Goethe,"Goethe, Johann Wolfgang von","Burton Pike, R. Dillon Boylan, Elizabeth Wolff Mayer",812969901,9.78081E+12,0,Modern Library,Paperback,149,2005,1774,,27/5/2024,to-read,to-read (#55),to-read,,,,0,0
97411,Letters from a Stoic,Seneca,"Seneca, Seneca",,140442103,9.78014E+12,0,Penguin Books,Paperback,254,2004,64,,26/5/2024,to-read,to-read (#54),to-read,,,,0,0
356896,The Greatest Salesman in the World,Og Mandino,"Mandino, Og",,055327757X,9.78055E+12,0,Bantam,Mass Market Paperback,118,1983,1968,,16/5/2024,to-read,to-read (#53),to-read,,,,0,0
375802,"Ender’s Game (Ender's Saga, #1)",Orson Scott Card,"Card, Orson Scott",,812550706,9.78081E+12,0,Tor,Mass Market Paperback,324,2004,1985,,15/5/2024,to-read,to-read (#52),to-read,,,,0,0
11989,The Plague,Albert Camus,"Camus, Albert",Stuart Gilbert,,,0,Vintage International,Paperback,308,1991,1947,,15/5/2024,to-read,to-read (#51),to-read,,,,0,0
386162,"The Hitchhiker’s Guide to the Galaxy (The Hitchhiker's Guide to the Galaxy, #1)",Douglas Adams,"Adams, Douglas",,,,0,Del Rey,Paperback,193,2007,1979,,15/5/2024,to-read,to-read (#50),to-read,,,,0,0
40740914,If Cats Disappeared from the World,Genki Kawamura,"Kawamura, Genki",Eric Selland,1509889175,9.78151E+12,0,Picador,Paperback,202,2018,2012,,15/5/2024,to-read,to-read (#49),to-read,,,,0,0
7763161,God Arises: Evidence of God in Nature and in Science,Wahiduddin Khan,"Khan, Wahiduddin",Farida Khanam,8185063141,9.78819E+12,3,Goodword Books,,287,2005,,14/5/2024,29/4/2024,,,read,,,,1,0
6454477,The Red Book: Liber Novus,C.G. Jung,"Jung, C.G.","Sonu Shamdasani, Mark Kyburz, John Peck, Ulrich Hoerni",393065677,9.78039E+12,0,W. W. Norton & Company,Hardcover,371,2009,2009,,7/5/2024,to-read,to-read (#48),to-read,,,,0,0
1772910,White Nights,Fyodor Dostoevsky,"Dostoevsky, Fyodor",Olga Shartse,,,4,,Paperback,82,1848,1848,24/4/2024,9/2/2024,,,read,,,,1,0
11590,’Salem’s Lot,Stephen  King,"King, Stephen",,450031063,9.78045E+12,0,New English Library,Paperback,483,1991,1975,,17/4/2024,to-read,to-read (#47),to-read,,,,0,0
370493,The Giving Tree,Shel Silverstein,"Silverstein, Shel",,60256656,9.78006E+12,0,HarperCollins Publishers,Hardcover,64,1964,1964,,17/4/2024,to-read,to-read (#46),to-read,,,,0,0
6047138,Curfewed Night,Basharat Peer,"Peer, Basharat",,8184000340,9.78818E+12,0,Random House,Hardcover,256,2009,2009,,17/4/2024,to-read,to-read (#45),to-read,,,,0,0
91950,The Myth of Sisyphus,Albert Camus,"Camus, Albert",Justin O'Brien,,,0,Penguin Classics,Paperback,192,2013,1942,,17/4/2024,to-read,to-read (#44),to-read,,,,0,0
4934,The Brothers Karamazov,Fyodor Dostoevsky,"Dostoevsky, Fyodor","Richard Pevear, Larissa Volokhonsky",374528373,9.78037E+12,0,"Farrar, Straus and Giroux",Paperback,796,2002,1879,,7/4/2024,to-read,to-read (#43),to-read,,,,0,0
59716,To the Lighthouse,Virginia Woolf,"Woolf, Virginia",Eudora Welty,,,0,Harvest Books,Paperback,209,1989,1927,,1/3/2024,to-read,to-read (#42),to-read,,,,0,0
6514,The Bell Jar,Sylvia Plath,"Plath, Sylvia",,,,0,Harper Perennial Modern Classics,Paperback,294,2006,1963,,1/3/2024,to-read,to-read (#41),to-read,,,,0,0
40961230,The Travelling Cat Chronicles,Hiro Arikawa,"Arikawa, Hiro",Philip Gabriel,735235244,9.78074E+12,0,Viking,Kindle Edition,281,2018,2012,,25/2/2024,to-read,to-read (#40),to-read,,,,0,0
52578297,"The Midnight Library (The Midnight World, #1)",Matt Haig,"Haig, Matt",,525559477,9.78053E+12,3,Viking,Hardcover,288,2020,2020,13/2/2023,15/3/2022,,,read,,,,1,0
5805,V for Vendetta,Alan Moore,"Moore, Alan","David   Lloyd, Steve Whitaker, Siobhan Dodds",1401207928,9.7814E+12,0,Vertigo,Hardcover,296,2005,1990,,10/12/2023,to-read,to-read (#39),to-read,,,,0,0
21951878,A Potrait of the Artist As A Young Man,James Joyce,"Joyce, James",,,,0,Viking Press,Paperback,253,,1916,,10/12/2023,to-read,to-read (#38),to-read,,,,0,0
72624185,The Trial,Franz Kafka,"Kafka, Franz",,9394178406,9.78939E+12,0,ADHYAYA BOOKS HOUSE LLP,Paperback,250,2022,1925,,26/10/2023,to-read,to-read (#37),to-read,,,,0,0
24583,The Adventures of Tom Sawyer,Mark Twain,"Twain, Mark","Guy Cardwell, John Seelye, Mark Hallaq, Amanda Lee",,9.78014E+12,0,Penguin Classics,Paperback,244,2006,1876,,2/12/2023,to-read,to-read (#36),to-read,,,,0,0
11275,The Wind-Up Bird Chronicle,Haruki Murakami,"Murakami, Haruki",Jay Rubin,965341984,9.78097E+12,0,Knopf,Paperback,607,1997,1994,,30/10/2023,to-read,to-read (#35),to-read,,,,0,0
6185,Wuthering Heights,Emily Brontë,"Brontë, Emily","Richard J. Dunn, Charlotte Brontë, John Bugg, Robert Heindel",,,0,Norton,Paperback,464,2002,1847,,29/10/2023,to-read,to-read (#34),to-read,,,,0,0
291,The Broken Wings,Kahlil Gibran,"Gibran, Kahlil",Anthony Rizcallah Ferris,806501901,9.78081E+12,5,Kensington Publishing Corp.,Paperback,132,1998,1912,25/10/2023,24/10/2023,,,read,,,,1,0
49455,Notes from Underground,Fyodor Dostoevsky,"Dostoevsky, Fyodor","Richard Pevear, Larissa Volokhonsky, Donald Fanger",067973452X,9.78068E+12,0,Vintage Classics,Paperback,136,1994,1864,,19/10/2023,to-read,to-read (#33),to-read,,,,0,0
56302573,Farenheit 451,Ray Bradbury,"Bradbury, Ray",,,,0,Qanun Nəşriyyatı,Unknown Binding,208,2019,1963,,19/10/2023,to-read,to-read (#32),to-read,,,,0,0
141352,A Hunger Artist (Short Prose of Franz Kafka),Franz Kafka,"Kafka, Franz","Helen Vlcnovska, Kevin Blahut",8090217117,9.78809E+12,0,Twisted Spoon Press,Hardcover,84,1996,1924,,15/10/2023,to-read,to-read (#31),to-read,,,,0,0
7144,Crime and Punishment,Fyodor Dostoevsky,"Dostoevsky, Fyodor","David McDuff, Joseph Frank, Fyodor Dostoyevsky",,,0,Penguin,Paperback,671,2002,1866,,15/10/2023,to-read,to-read (#30),to-read,,,,0,0
1319,The War of Art,Steven Pressfield,"Pressfield, Steven",Robert McKee,,,0,Warner Books,Paperback,168,2003,2002,,13/10/2023,to-read,to-read (#29),to-read,,,,0,0
321559,The Country Without a Post Office,Agha Shahid Ali,"Ali, Agha Shahid",,393317617,9.78039E+12,0,W. W. Norton & Company,Paperback,98,1998,1997,1/9/2023,21/8/2023,,,read,,,,1,0
43453391,Best of Faiz,Kuldip Salil,"Salil, Kuldip",,,,4,Rajpal and Sons,Kindle Edition,176,2017,,27/8/2023,21/8/2023,,,read,,,,1,0
40139225,The Alter Ego Effect: The Power of Secret Identities to Transform Your Life,Todd  Herman,"Herman, Todd",,62838636,9.78006E+12,0,Harper Business,Hardcover,272,2019,2019,,30/8/2023,to-read,to-read (#28),to-read,,,,0,0
51071872,"Boundless: Upgrade Your Brain, Optimize Your Body  Defy Aging",Ben Greenfield,"Greenfield, Ben",,1628603976,9.78163E+12,0,Victory Belt Publishing,Hardcover,640,2020,2020,,30/8/2023,to-read,to-read (#27),to-read,,,,0,0
18077875,Essentialism: The Disciplined Pursuit of Less,Greg McKeown,"McKeown, Greg",,804137382,9.7808E+12,0,Crown Currency,Hardcover,260,2014,2011,,30/8/2023,to-read,to-read (#26),to-read,,,,0,0
58107,Bobby Fischer Teaches Chess,Bobby Fischer,"Fischer, Bobby","Stuart Margulies, Don Mosenfelder",553263153,9.78055E+12,0,Bantam,Paperback,352,1982,1966,13/8/2023,16/4/2023,,,read,,,,1,0
25744928,Deep Work: Rules for Focused Success in a Distracted World,Cal Newport,"Newport, Cal",,1455586692,9.78146E+12,2,Grand Central Publishing,Hardcover,296,2016,2016,30/3/2023,16/2/2023,,,read,,,,1,0
4069,Man's Search for Meaning,Viktor E. Frankl,"Frankl, Viktor E.","Harold S. Kushner, William J. Winslade, Ilse Lasch",080701429X,9.78081E+12,1,Beacon Press,Paperback,165,2006,1946,30/3/2023,25/2/2022,,,read,,,,1,0
1645028,The Merry Adventures of Robin Hood,Deborah Kestel,"Kestel, Deborah","Howard Pyle, Pablo Marcos",1577656946,9.78158E+12,0,Spotlight,Library Binding,238,2006,1979,,3/3/2023,,,read,,,,1,0
18872437,The Millionaire Fastlane: Crack the Code to Wealth and Live Rich for a Lifetime!,M.J. DeMarco,"DeMarco, M.J.",,984358102,9.78098E+12,5,Viperion Publishing Corp,Paperback,322,2011,2010,1/3/2023,11/12/2022,,,read,,,,1,0
36739769,The Third Door: The Wild Quest to Uncover How the World's Most Successful People Launched Their Careers,Alex Banayan,"Banayan, Alex",,,,0,Currency,Hardcover,320,2018,2018,,28/2/2023,to-read,to-read (#25),to-read,,,,0,0
16299,And Then There Were None,Agatha Christie,"Christie, Agatha",,312330871,9.78031E+12,4,St. Martin's Griffin,Paperback,264,2004,1939,27/2/2023,16/2/2023,,,read,,,,1,0
54304221,How to Not Die Alone: The Surprising Science That Will Help You Find Love,Logan Ury,"Ury, Logan",,1982120622,9.78198E+12,0,Simon & Schuster,Hardcover,352,2021,2021,,23/2/2023,to-read,to-read (#24),to-read,,,,0,0
79424,"The Way of the Superior Man: A Spiritual Guide to Mastering the Challenges of Women, Work, and Sexual Desire",David Deida,"Deida, David",,1591792576,9.78159E+12,0,Sounds True,Paperback,202,2004,1997,,23/2/2023,to-read,to-read (#23),to-read,,,,0,0
295,Treasure Island,Robert Louis Stevenson,"Stevenson, Robert Louis",Newell Convers Wyeth,753453800,9.78075E+12,0,Kingfisher,Hardcover,352,2001,1882,,19/2/2023,,,read,,,,1,0
9361589,The Night Circus,Erin Morgenstern,"Morgenstern, Erin",,,9.78039E+12,0,Doubleday,Hardcover,506,2011,2011,,16/2/2023,to-read,to-read (#22),to-read,,,,0,0
48855,The Diary of a Young Girl,Anne Frank,"Frank, Anne","Eleanor Roosevelt, Susan Massotty, Γιάννης Θωμόπουλος, Barbara Mooyaart-Doubleday, Otto H. Frank, Mirjam Pressler",,,0,Bantam,Mass Market Paperback,283,1993,1947,,16/2/2023,to-read,to-read (#21),to-read,,,,0,0
41057294,Normal People,Sally Rooney,"Rooney, Sally",,1984822179,9.78198E+12,0,Crown,Hardcover,273,2019,2018,,16/2/2023,to-read,to-read (#20),to-read,,,,0,0
22557272,The Girl on the Train,Paula Hawkins,"Hawkins, Paula",,1594633665,9.78159E+12,0,Riverhead Books,Hardcover,336,2015,2015,,16/2/2023,to-read,to-read (#19),to-read,,,,0,0
44421460,"Before the Coffee Gets Cold (Before the Coffee Gets Cold, #1)",Toshikazu Kawaguchi,"Kawaguchi, Toshikazu",Geoffrey Trousselot,1529029589,9.78153E+12,0,Picador,Paperback,213,2019,2015,,16/2/2023,to-read,to-read (#18),to-read,,,,0,0
853510,"Murder on the Orient Express (Hercule Poirot, #10)",Agatha Christie,"Christie, Agatha",,7119313,9.78001E+12,0,HarperCollins,Paperback,347,2007,1934,,16/2/2023,to-read,to-read (#17),to-read,,,,0,0
960,"Angels & Demons (Robert Langdon, #1)",Dan    Brown,"Brown, Dan",,1416524797,9.78142E+12,0,Pocket Books,Mass Market Paperback,736,2006,2000,,16/2/2023,to-read,to-read (#16),to-read,,,,0,0
6779,"Six Not So Easy Pieces: Einstein's Relativity, Symmetry, and Space-Time",Richard P. Feynman,"Feynman, Richard P.",Roger Penrose,465023932,9.78047E+12,0,Basic Books,Paperback,184,2005,1963,,16/2/2023,to-read,to-read (#15),to-read,,,,0,0
4894,Who Moved My Cheese?,Spencer Johnson,"Johnson, Spencer",Kenneth H. Blanchard,91883768,9.78009E+12,0,Vermilion,Hardcover,98,2002,1998,,16/2/2023,to-read,to-read (#14),to-read,,,,0,0
34684622,Leonardo da Vinci,Walter Isaacson,"Isaacson, Walter",,1501139150,9.7815E+12,0,Simon & Schuster,Hardcover,600,2017,2017,,16/2/2023,to-read,to-read (#13),to-read,,,,0,0
28815,Influence: The Psychology of Persuasion,Robert B. Cialdini,"Cialdini, Robert B.",,006124189X,9.78006E+12,0,Harper Business,Paperback,320,2006,1984,,11/2/2023,to-read,to-read (#12),to-read,,,,0,0
1202,Freakonomics: A Rogue Economist Explores the Hidden Side of Everything,Steven D. Levitt,"Levitt, Steven D.",Stephen J. Dubner,61234001,9.78006E+12,0,William Morrow,Hardcover,268,2006,2005,,11/2/2023,to-read,to-read (#11),to-read,,,,0,0
5553,Six Easy Pieces: Essentials of Physics Explained by Its Most Brilliant Teacher,Richard P. Feynman,"Feynman, Richard P.",Paul C.W. Davies,465023924,9.78047E+12,0,Basic Books,Paperback,138,1995,1994,,11/2/2023,to-read,to-read (#10),to-read,,,,0,0
634583,Wings of Fire: An Autobiography,A.P.J. Abdul Kalam,"Kalam, A.P.J. Abdul",Arun Tiwari,8173711461,9.78817E+12,0,Universities Press,Paperback,180,2011,1999,,10/2/2023,to-read,to-read (#9),to-read,,,,0,0
12176421,How to Win Friends and Influence People in the Digital Age (Dale Carnegie Books),Dale Carnegie,"Carnegie, Dale",,1451629168,9.78145E+12,4,Simon & Schuster,Kindle Edition,251,2011,2011,,18/3/2022,,,read,,,,1,0
590652,The Slight Edge,Jeff Olson,"Olson, Jeff",,967285550,9.78097E+12,0,Momentum Media,Paperback,168,2005,2005,,14/12/2022,to-read,to-read (#8),to-read,,,,0,0
9420697,"The Compound Effect: Jumpstart Your Income, Your Life, Your Success",Darren Hardy,"Hardy, Darren",,,,0,SUCCESS Books,Kindle Edition,162,2010,2010,,14/12/2022,to-read,to-read (#7),to-read,,,,0,0
41677385,Hard Times Create Strong Men (Hard Times #1),Stefan Aarnio,"Aarnio, Stefan",,,,0,Clovercroft Publishing,Paperback,624,2019,2019,,11/12/2022,to-read,to-read (#6),to-read,,,,0,0
54898389,The Almanack of Naval Ravikant: A Guide to Wealth and Happiness,Eric Jorgenson,"Jorgenson, Eric","Timothy Ferriss, Naval Ravikant",,9.78154E+12,0,Magrathea Publishing,Kindle Edition,244,2020,2020,,15/3/2022,to-read,to-read (#5),to-read,,,,0,0
40672036,Digital Minimalism: Choosing a Focused Life in a Noisy World,Cal Newport,"Newport, Cal",,052553654X,,0,Portfolio,Kindle Edition,302,2019,2019,,15/3/2022,to-read,to-read (#4),to-read,,,,0,0
40121378,Atomic Habits: An Easy & Proven Way to Build Good Habits & Break Bad Ones,James Clear,"Clear, James",,,,4,Avery,Kindle Edition,319,2018,2018,15/3/2022,17/2/2022,,,read,,,,1,0
31138556,Homo Deus: A History of Tomorrow,Yuval Noah Harari,"Harari, Yuval Noah",,,,0,Harper,ebook,450,2017,2015,,25/2/2022,to-read,to-read (#3),to-read,,,,0,0
6732019,Rework,Jason Fried,"Fried, Jason",David Heinemeier Hansson,307463745,9.78031E+12,0,Crown Currency,Hardcover,279,2010,2010,,25/2/2022,to-read,to-read (#2),to-read,,,,0,0
31823677,"Tools of Titans: The Tactics, Routines, and Habits of Billionaires, Icons, and World-Class Performers",Timothy Ferriss,"Ferriss, Timothy",Arnold Schwarzenegger,,,0,Houghton Mifflin Harcourt,Kindle Edition,827,2016,2016,,25/2/2022,to-read,to-read (#1),to-read,,,,0,0
2932,Robinson Crusoe,Daniel Defoe,"Defoe, Daniel",Virginia Woolf,,,0,Modern Library,Hardcover,320,2001,1719,,25/2/2022,,,read,,,,1,0
2493,The Time Machine,H.G. Wells,"Wells, H.G.","Greg Bear, Carlo Pagetti",,,0,Signet Classics,Paperback,118,2002,1895,,25/2/2022,,,read,,,,1,0
17184,The Invisible Man,H.G. Wells,"Wells, H.G.",Scott Westerfeld,451528522,9.78045E+12,0,New American Library/Penguin Books,Mass Market Paperback,192,2002,1897,,17/2/2022,,,read,,,,1,0
32672171,"Harry Potter and the Cursed Child, Parts 1 & 2 and Harry Potter and the Philosopher's Stone 2 Books Bundle Collection (Harry Potter #1&8)",J.K. Rowling,"Rowling, J.K.","Jack Thorne, John Tiffany",9123513683,9.78912E+12,0,J.K. ROWLING,Hardcover,888,2016,2016,,17/2/2022,,,read,,,,1,0
3869,A Brief History of Time,Stephen W. Hawking,"Hawking, Stephen W.",,553380168,9.78055E+12,4,Bantam Books,Paperback,226,1998,1988,,17/2/2022,,,read,,,,1,0
